{"months":["202606","202605","202604","202603","202602","202601","202512","202511","202510","202509","202508","202507"],"curves":{"NSW1":[0.08711681506849352,0.08238282420091392,0.07957280136986325,0.0794243767123289,0.08520046803653007,0.08977048173516036,0.08131502968036552,0.060193280821917876,0.039573207762557246,0.035492050228310555,0.03136102739726039,0.039845511415525364,0.036145764840182976,0.042528296803653165,0.05300986757990903,0.052397011415525184,0.08961126484018313,0.1309012557077626,0.15968875342465771,0.12903146803652957,0.10989023287671289,0.10083442465753455,0.09663430365296878,0.09076844520547953],"QLD1":[0.08163623287671297,0.0770425319634707,0.07442179908675796,0.0743744931506851,0.07989025799086853,0.08449197945205544,0.07634885616438371,0.0466382305936077,0.022472015981735406,0.013924678082191598,0.008396150684931275,0.009847566210045542,0.011468018264840039,0.015648237442922604,0.024860413242009397,0.045136888127853894,0.0793153082191783,0.12195543150684895,0.13267950228310418,0.11222228082191785,0.10273157990867636,0.09523303652968146,0.09436518721461229,0.08608491324201024],"VIC1":[0.06185801826484055,0.05644858675799124,0.052313143835616846,0.05087488584474909,0.05405960730593634,0.06225328995433815,0.0651172671232878,0.055235310502283246,0.03716876712328777,0.02335339726027397,0.014947885844748928,0.01224236529680368,0.010365892694063898,0.011618746575342571,0.015294664383561628,0.02915702511415509,0.05818931506849328,0.09321386073059301,0.10485239041095822,0.09929323515981717,0.09211015296803661,0.08005210273972599,0.06909059589041143,0.06795169406392748],"SA1":[0.08710578767123313,0.08014527625570803,0.07394171461187231,0.07258165525114167,0.07350669863013723,0.08518699086758012,0.08821206621004597,0.11462997716895083,0.058585847031963706,0.02599689269406387,0.014102579908675732,0.007935166666666634,0.006257136986301365,0.0031339680365296534,0.01048610273972592,0.020756123287671173,0.05210090867579912,0.09930559132420114,0.14311691780821853,0.23012850456620929,0.1925808127853875,0.1447021757990866,0.11546234018264873,0.08807163470319654],"TAS1":[0.07563253881278546,0.07341130365296793,0.0728347351598174,0.07306479452054812,0.07548918949771675,0.08039567351598116,0.08479717351598118,0.08261326027397231,0.07757355022831046,0.07350454337899538,0.06807783561643821,0.06590792922374417,0.06436836301369812,0.06435230821917809,0.06506154566210025,0.07117333561643818,0.09116351598173433,0.09974672374429085,0.09551952968036402,0.09180073059360638,0.09049501141552423,0.0836036894977164,0.07804905251141522,0.07739044063926916]}}